,,Material Hardship,GPA,Grit,Eviction,Layoff,Job Training
First Submission,Leaderboard,0.0245,0.39149,0.22169,18.29177,3.35418,2.92096
,Holdout ,0.019073869,0.357962798,0.255614795,17.30494103,3.429965582,2.803332986
Award-winning Submission,leaderboard,0.02456,0.39847,0.22359,0.05636,0.1799,0.19699
,Holdout,0.019130723,0.359301299,0.255859469,0.057753113,0.170839827,0.18118215
Seeded Submission,leaderboard,0.02431819,0.38208188,0.22942088,0.059007348,0.185142466,0.202480697
,Holdout,0.019380496,0.360774555,0.253331079,0.058797386,0.167420631,0.181470461